{"cameraMode":{"drawMode":0,"name":"Shaded","section":"Shading Mode"},"sceneLighting":false,"audioPlay":false,"sceneViewState":{"m_AlwaysRefresh":false,"showFog":true,"showSkybox":false,"showFlares":true,"showImageEffects":true,"showParticleSystems":true,"showVisualEffectGraphs":true,"m_FxEnabled":false},"in2DMode":false,"pivot":{"x":0.6039626598358154,"y":0.06088297814130783,"z":-0.5091873407363892},"rotation":{"x":-0.022792184725403787,"y":0.03658018261194229,"z":-0.0008343891240656376,"w":-0.9990676641464233},"size":0.8660253882408142,"orthographic":false}