{"cameraMode":{"drawMode":0,"name":"Shaded","section":"Shading Mode"},"sceneLighting":false,"audioPlay":false,"sceneViewState":{"m_AlwaysRefresh":false,"showFog":true,"showSkybox":false,"showFlares":true,"showImageEffects":true,"showParticleSystems":true,"showVisualEffectGraphs":true,"m_FxEnabled":false},"in2DMode":false,"pivot":{"x":0.5530286431312561,"y":0.22527392208576203,"z":-1.8530203104019166},"rotation":{"x":-0.04079551622271538,"y":0.011088471859693528,"z":-0.0004526026314124465,"w":-0.999101459980011},"size":0.8660253882408142,"orthographic":false}