{"cameraMode":{"drawMode":0,"name":"Shaded","section":"Shading Mode"},"sceneLighting":true,"audioPlay":false,"sceneViewState":{"m_AlwaysRefresh":false,"showFog":true,"showSkybox":true,"showFlares":true,"showImageEffects":true,"showParticleSystems":true,"showVisualEffectGraphs":true,"m_FxEnabled":false},"in2DMode":false,"pivot":{"x":168.3214874267578,"y":5.805440425872803,"z":7.7730584144592289},"rotation":{"x":0.002550816396251321,"y":0.3189220130443573,"z":0.0008555265376344323,"w":-0.9477658867835999},"size":11.250882148742676,"orthographic":false}