{"cameraMode":{"drawMode":0,"name":"Shaded","section":"Shading Mode"},"sceneLighting":false,"audioPlay":false,"sceneViewState":{"m_AlwaysRefresh":false,"showFog":true,"showSkybox":false,"showFlares":true,"showImageEffects":true,"showParticleSystems":true,"showVisualEffectGraphs":true,"m_FxEnabled":false},"in2DMode":false,"pivot":{"x":-0.05188871547579765,"y":-0.010388143360614777,"z":0.002299070358276367},"rotation":{"x":-0.015306392684578896,"y":-0.017399204894900323,"z":0.00026670354418456554,"w":-0.9997236132621765},"size":1.2315753698349,"orthographic":false}