{"cameraMode":{"drawMode":0,"name":"Shaded","section":"Shading Mode"},"sceneLighting":false,"audioPlay":false,"sceneViewState":{"m_AlwaysRefresh":false,"showFog":true,"showSkybox":false,"showFlares":true,"showImageEffects":true,"showParticleSystems":true,"showVisualEffectGraphs":true,"m_FxEnabled":false},"in2DMode":false,"pivot":{"x":0.03048873133957386,"y":-0.03196414187550545,"z":-4.245486736297607},"rotation":{"x":0.03268258273601532,"y":0.011091774329543114,"z":0.00036286740214563906,"w":-0.999401330947876},"size":0.8660253882408142,"orthographic":false}