{"cameraMode":{"drawMode":0,"name":"Shaded","section":"Shading Mode"},"sceneLighting":false,"audioPlay":false,"sceneViewState":{"m_AlwaysRefresh":false,"showFog":false,"showSkybox":false,"showFlares":false,"showImageEffects":false,"showParticleSystems":false,"showVisualEffectGraphs":true,"m_FxEnabled":false},"in2DMode":false,"pivot":{"x":-0.008544011041522026,"y":1.0501456260681153,"z":-0.5328251719474793},"rotation":{"x":-0.0003291610919404775,"y":0.9996138215065002,"z":0.023685576394200326,"w":0.013796995393931866},"size":1.3825219869613648,"orthographic":false}